1,freshjp,Ch03map_Kw,1.18.36,2019/05/05,ふぁじい
2,freshjp,Ch03map_Kw,1.33.86,2019/06/19,みきちず
3,freshjp,Ch03map_Kw,1.57.08,2019/05/05,みーり
4,freshjp,Ch03map_Kw,1.58.31,2019/05/05,とおろ
5,freshjp,Ch03map_Kw,2.08.51,2019/05/05,あきつ
6,freshjp,Ch03map_Kw,2.12.86,2019/05/31,パロ・ウル
7,freshjp,Ch03map_Kw,3.43.36,2019/05/05,みっちゃん!
8,freshjp,Ch03map_Kw,4.05.06,2019/05/05,タカシ
9,freshjp,Ch03map_Kw,4.40.68,2019/05/05,ラック=フューリア
10,freshjp,Ch03map_Kw,4.41.43,2019/05/05,manchofu
11,freshjp,Ch03map_Kw,6.16.56,2019/05/05,gori.sh
12,freshjp,Ch03map_Kw,6.39.33,2019/05/05,Drifter
13,freshjp,Ch03map_Kw,7.02.63,2019/05/05,1switch
14,freshjp,Ch03map_Kw,7.04.06,2019/05/05,わあい
15,freshjp,Ch03map_Kw,7.40.31,2019/05/25,ばくさんのサーバル
16,freshjp,Ch03map_Kw,7.40.38,2019/05/10,guterham
17,freshjp,Ch03map_Kw,8.07.31,2019/05/05,akira6129
18,freshjp,Ch03map_Kw,8.11.75,2019/05/05,SDL2
19,freshjp,Ch03map_Kw,8.26.43,2019/05/05,やそはち
20,freshjp,Ch03map_Kw,8.50.28,2019/06/14,ぽここ
