1,freshjp,Ch14blowfish_Kw,10.68,2019/05/13,みきちず
2,freshjp,Ch14blowfish_Kw,11.38,2019/05/12,フォール
3,freshjp,Ch14blowfish_Kw,12.93,2019/08/12,GINZI
4,freshjp,Ch14blowfish_Kw,21.06,2019/07/30,gori.sh
5,freshjp,Ch14blowfish_Kw,22.43,2019/05/12,ワニくん
6,freshjp,Ch14blowfish_Kw,24.58,2019/10/15,ベしべし
7,freshjp,Ch14blowfish_Kw,25.03,2019/08/25,SDL2
8,freshjp,Ch14blowfish_Kw,25.96,2019/05/16,Tail
9,freshjp,Ch14blowfish_Kw,26.78,2019/05/25,エビチリ
10,freshjp,Ch14blowfish_Kw,27.90,2019/06/09,サムソン・アラン
11,freshjp,Ch14blowfish_Kw,28.81,2019/05/05,あにい
12,freshjp,Ch14blowfish_Kw,29.26,2019/05/12,パロ・ウル
13,freshjp,Ch14blowfish_Kw,29.28,2019/07/20,どりる
14,freshjp,Ch14blowfish_Kw,29.51,2019/06/19,HAL900
15,freshjp,Ch14blowfish_Kw,30.63,2019/05/05,オオサンショウウオ
16,freshjp,Ch14blowfish_Kw,31.20,2019/05/20,いまでぃ
17,freshjp,Ch14blowfish_Kw,31.41,2019/05/20,かまくら
18,freshjp,Ch14blowfish_Kw,32.85,2019/07/14,yuuk
19,freshjp,Ch14blowfish_Kw,32.88,2019/05/20,pball
20,freshjp,Ch14blowfish_Kw,33.65,2019/05/06,クライム
