1,freshjp,Qb07_Ct,29.95,2019/07/20,どりる
2,freshjp,Qb07_Ct,29.95,2019/07/25,VespiVidya
3,freshjp,Qb07_Ct,29.95,2019/07/22,SDL2
4,freshjp,Qb07_Ct,29.95,2019/08/04,Lvl_Select
5,freshjp,Qb07_Ct,29.95,2019/07/25,gori.sh
6,freshjp,Qb07_Ct,29.95,2019/08/08,みっちゃん!
7,freshjp,Qb07_Ct,29.95,2019/07/25,わあい
8,freshjp,Qb07_Ct,29.95,2019/08/08,ふぁじい
9,freshjp,Qb07_Ct,29.95,2019/07/09,フォール
10,freshjp,Qb07_Ct,29.95,2019/08/08,とおろ
11,freshjp,Qb07_Ct,33.21,2019/07/11,HAL900
12,freshjp,Qb07_Ct,1.32.55,2019/08/01,いまでぃ
